report_X0026002 , finished
report_X0020003 , finished
report_X0026022 , finished
report_X0020016 , finished
report_X1692275 , finished
report_X0026001 , finished
report_X0020002 , finished
report_X0020010 , finished
report_X1735881 , finished
report_X2640795 , finished
report_X2768273 , finished
report_X0020008 , finished
report_X0020015 , finished
report_X0020017 , finished
report_X0026014 , finished
report_X0026015 , finished
report_X0026017 , finished
report_X0020001 , finished
report_X1652369 , finished
report_X1686265 , finished
report_X2018106 , finished
report_X2026113 , finished
report_X2081148 , finished
report_X2641332 , finished
report_X2703289 , finished
report_X2822304 , finished
report_X3884955 , finished
report_X0010004 , finished
report_X0010005 , finished
report_X0026004 , finished
report_X0026016 , finished
report_X0026040 , finished
report_X0020014 , finished
report_X0026005 , finished
report_X0026024 , finished
report_X0026050 , finished
report_X0026052 , finished
report_X0026053 , finished
report_X0020021 , finished
report_X0020022 , finished
report_X1018959 , finished
report_X1019436 , finished
report_X1043241 , finished
report_X1266183 , finished
report_X1846346 , finished
report_X1873761 , finished
report_X2138826 , finished
report_X2554127 , finished
report_X2558999 , finished
report_X2740232 , finished
report_X2903997 , finished
report_X2917777 , finished
report_X2930625 , finished
report_X3119327 , finished
report_X3154996 , finished
report_X3611827 , finished
report_X3699991 , finished
report_X3713230 , finished
report_X3813783 , finished
report_X3902469 , finished
report_X3972956 , finished
report_X4104523 , finished
report_X5216908 , finished
report_X0010001 , finished
report_X0010002 , finished
report_X0010003 , finished
report_X0010006 , finished
report_X0010007 , finished
report_X0010008 , finished
report_X0010009 , finished
report_X0010019 , finished
summary_template , finished
report_X0026009 , finished
report_X0026027 , finished
report_X0026030 , finished
report_X0026039 , finished
report_X0026044 , finished
report_X0026045 , finished
report_X0026054 , finished
report_X0026055 , finished
report_X0026057 , finished
report_X1535233 , finished
report_X1541812 , finished
report_X1577042 , finished
report_X1594156 , finished
report_X1623716 , finished
report_X1638334 , finished
report_X1779922 , finished
report_X1842819 , finished
report_X1996183 , finished
report_X2014113 , finished
report_X2104012 , finished
report_X2299519 , finished
report_X2344857 , finished
report_X2601925 , finished
report_X3103809 , finished
report_X3160561 , finished
report_X3310328 , finished
report_X3486975 , finished
report_X3519022 , finished
report_X3912996 , finished
report_X3917422 , finished
report_X3972472 , finished
report_X4154182 , finished
report_X4275075 , finished
report_X4362730 , finished
report_X4601682 , finished
report_X6346605 , finished
report_X8083695 , finished
report_X8658218 , finished
report_X0010010 , finished
report_X0010011 , finished
report_X0010012 , finished
report_X0010013 , finished
report_X0010015 , finished
report_X0010020 , finished
report_X0010022 , finished
report_X0010023 , finished
report_X0010032 , finished
report_X0026043 , finished
report_X3170319 , finished
report_X0010014 , finished
report_X1988015 , finished
report_X2360428 , finished
report_X2621228 , finished
report_X3434578 , finished
report_X0010034 , finished
report_X8628223 , finished
report_X0010039 , finished
report_X0026041 , finished
report_X0026042 , finished
report_X2371032 , finished
report_X2572285 , finished
report_X7129258 , finished
report_X7415617 , finished
report_X7774305 , finished
report_X8337695 , finished
report_X8432725 , finished
report_X9922944 , finished
report_X0010017 , finished
report_X0010018 , finished
report_X0010021 , finished
report_X0010024 , finished
report_X0010025 , finished
report_X0010026 , finished
report_X0010028 , finished
report_X0010029 , finished
report_X0010030 , finished
report_X0010031 , finished
report_X0010033 , finished
report_X0010036 , finished
report_X0010038 , finished
report_X0010042 , finished
report_X0010043 , finished
report_X0010045 , finished
report_X0010048 , finished
report_X0010049 , finished
report_X0010051 , finished
report_X0010054 , finished
report_X0010058 , finished
report_X0010070 , finished
report_X0010082 , finished
report_X6453038 , finished
report_X8263351 , finished
report_X0010044 , finished
report_X0010056 , finished
report_X0010059 , finished
report_X0010083 , finished
report_X0010088 , finished
report_X0010092 , finished
report_X0010095 , finished
report_X0010035 , finished
report_X0010074 , finished
report_X0010077 , finished
report_X0010087 , finished
report_X0010046 , finished
report_X0010047 , finished
report_X0010053 , finished
report_X1962503 , finished
report_X0010050 , finished
report_X0010057 , finished
report_X0010060 , finished
report_X0010063 , finished
report_X0010065 , finished
report_X0010066 , finished
report_X0010067 , finished
report_X0010073 , finished
report_X0010079 , finished
report_X0010080 , finished
report_X0010084 , finished
report_X0010090 , finished
report_X0010091 , finished
report_X0010093 , finished
report_X0010096 , finished
report_X0010097 , finished
report_X2618929 , finished
report_X0010041 , finished
report_X0010064 , finished
report_X0010068 , finished
report_X0010069 , finished
report_X0010075 , finished
report_X0010076 , finished
report_X0010078 , finished
report_X0010081 , finished
report_X0010085 , finished
report_X0010089 , finished
report_X0010094 , finished
report_X0010100 , finished
report_X0010101 , finished
report_X0010102 , finished
report_X0010103 , finished
report_X0010104 , finished
report_X0021015 , finished
report_X0021016 , finished
report_X0010040 , finished
report_X0010099 , finished
report_X0010072 , finished
report_X0021023 , finished
report_X0021022 , finished
report_X0021008 , finished
report_X0010037 , finished
report_X0010108 , finished
report_X0010117 , finished
report_X0010126 , finished
report_X0021031 , finished
report_X0010111 , finished
report_X0021027 , finished
report_X0010071 , finished
report_X0010106 , finished
report_X0010115 , finished
report_X0010122 , finished
report_X0021002 , finished
report_X0021005 , finished
report_X0021007 , finished
report_X0021009 , finished
report_X0021010 , finished
report_X0021028 , finished
report_X0021032 , finished
report_X0010112 , finished
report_X0010114 , finished
report_X0010124 , finished
report_X0021019 , finished
report_X0021026 , finished
report_X0021029 , finished
report_X0010061 , finished
report_X0010086 , finished
report_X0010107 , finished
report_X0010113 , finished
report_X0010116 , finished
report_X0010119 , finished
report_X0010120 , finished
report_X0010121 , finished
report_X0010125 , finished
report_X0010128 , finished
report_X0021003 , finished
report_X0021014 , finished
report_X0021030 , finished
report_X0010052 , finished
report_X0010109 , finished
report_X0010110 , finished
report_X0010123 , finished
report_X0021020 , finished
report_X0021024 , finished
report_X0021025 , finished
report_X0021038 , finished
report_X1471736 , finished
report_X1740607 , finished
report_X0010118 , finished
report_X0021006 , finished
report_X0021044 , finished
report_X1187766 , finished
report_X0010062 , finished
report_X0021017 , finished
report_X0021021 , finished
report_X0021033 , finished
report_X1099481 , finished
report_X1511464 , finished
report_X1567356 , finished
report_X1780174 , finished
report_X2107638 , finished
report_X0021041 , finished
report_X1127915 , finished
report_X1497055 , finished
report_X1700637 , finished
report_X0021013 , finished
report_X0021018 , finished
report_X1000804 , finished
report_X1320247 , finished
report_X1517240 , finished
report_X0021040 , finished
report_X1854959 , finished
report_X0021042 , finished
report_X1208795 , finished
report_X1934623 , finished
report_X0021036 , finished
report_X0021037 , finished
report_X0021043 , finished
report_X1023964 , finished
report_X1435954 , finished
report_X1737393 , finished
report_X1884448 , finished
report_X1918630 , finished
report_X1992284 , finished
report_X2030383 , finished
report_X2054438 , finished
report_X2230510 , finished
report_X2497695 , finished
report_X2735617 , finished
report_X2907383 , finished
report_X0021034 , finished
report_X0021039 , finished
report_X0021046 , finished
report_X1057962 , finished
report_X1283494 , finished
report_X1359325 , finished
report_X1995121 , finished
report_X2136051 , finished
report_X2260910 , finished
report_X2297413 , finished
report_X2570769 , finished
report_X2682736 , finished
report_X3163200 , finished
report_X3235580 , finished
report_X3243657 , finished
report_X4095229 , finished
report_X2730704 , finished
report_X0010129 , finished
report_X2821683 , finished
report_X3518345 , finished
report_X3679455 , finished
report_X4060823 , finished
report_X2854839 , finished
report_X2950672 , finished
report_X2996531 , finished
report_X3174224 , finished
report_X3650634 , finished
report_X0021035 , finished
report_X2306976 , finished
report_X2773205 , finished
report_X3433846 , finished
report_X3457975 , finished
report_X3601861 , finished
report_X1875084 , finished
report_X3011311 , finished
report_X3441455 , finished
report_X3653737 , finished
report_X4154672 , finished
report_X9750701 , finished
report_X8009688 , finished
report_X3349423 , finished
report_X3542588 , finished
report_X3619797 , finished
report_X6206397 , finished
report_X2741068 , finished
report_X2983819 , finished
report_X3662296 , finished
report_X3999344 , finished
report_X4079254 , finished
report_X4084645 , finished
report_X4164316 , finished
report_X4187857 , finished
report_X4562206 , finished
report_X4827048 , finished
report_X5971050 , finished
report_X8415034 , finished
report_X8697774 , finished
report_X8834383 , finished
report_X0027000 , finished
report_X3349205 , finished
report_X3845761 , finished
report_X8692452 , finished
report_X0027004 , finished
report_X0027005 , finished
report_X6568351 , finished
report_X9326955 , finished
report_X9578663 , finished
report_X0027028 , finished
report_X2991307 , finished
report_X4116166 , finished
report_X5164727 , finished
report_X9907452 , finished
report_X0027010 , finished
report_X0027012 , finished
report_X0027015 , finished
report_X0027018 , finished
report_X0027020 , finished
report_X0027024 , finished
report_X1585708 , finished
report_X2074737 , finished
report_X2419464 , finished
report_X8915162 , finished
report_X0027003 , finished
report_X0027007 , finished
report_X0027008 , finished
report_X0027011 , finished
report_X0027017 , finished
report_X0027021 , finished
report_X0027022 , finished
report_X0027023 , finished
report_X0027034 , finished
report_X0027040 , finished
report_X1017176 , finished
report_X1125505 , finished
report_X1208586 , finished
report_X2029723 , finished
report_X2352986 , finished
report_X2961243 , finished
report_X0027042 , finished
report_X1411495 , finished
report_X1538046 , finished
report_X1588809 , finished
report_X2671604 , finished
report_X2756846 , finished
report_X3007585 , finished
report_X3048588 , finished
report_X3190461 , finished
report_X3304956 , finished
report_X0027016 , finished
report_X0027025 , finished
report_X0027026 , finished
report_X0027037 , finished
report_X1312097 , finished
report_X1438162 , finished
report_X2574674 , finished
report_X2876903 , finished
report_X3082137 , finished
report_X3108222 , finished
report_X3322144 , finished
report_X3449233 , finished
report_X3515506 , finished
report_X3566449 , finished
report_X3808273 , finished
report_X3858891 , finished
report_X3888614 , finished
report_X3941358 , finished
report_X3980079 , finished
report_X4020830 , finished
report_X4134561 , finished
report_X4919979 , finished
report_X5045355 , finished
report_X6115230 , finished
report_X7339173 , finished
report_X7446626 , finished
report_X7504392 , finished
report_X8387093 , finished
report_X8409791 , finished
report_X9956994 , finished
report_X0023001 , finished
report_X0023002 , finished
report_X0023007 , finished
report_X0023010 , finished
report_X0023016 , finished
report_X0023018 , finished
report_X0023019 , finished
report_X0023020 , finished
report_X0023027 , finished
report_X0023031 , finished
report_X0023033 , finished
report_X4285031 , finished
report_X0023006 , finished
report_X0023008 , finished
report_X4239636 , finished
report_X0023013 , finished
report_X0023024 , finished
report_X1548937 , finished
report_X0023005 , finished
report_X0023035 , finished
report_X1084884 , finished
report_X1206380 , finished
report_X0023017 , finished
report_X1386056 , finished
report_X2155356 , finished
report_X1481430 , finished
report_X0023038 , finished
report_X1536593 , finished
report_X2426523 , finished
report_X0023026 , finished
report_X0023036 , finished
report_X3959823 , finished
report_X8991934 , finished
report_X0023000 , finished
report_X0023011 , finished
report_X0023012 , finished
report_X0023030 , finished
report_X0023040 , finished
report_X0023041 , finished
report_X0023042 , finished
report_X1084283 , finished
report_X1340333 , finished
report_X1418396 , finished
report_X1421489 , finished
report_X1502229 , finished
report_X1647968 , finished
report_X1743472 , finished
report_X2054310 , finished
report_X2071989 , finished
report_X2124248 , finished
report_X2288903 , finished
report_X2427434 , finished
report_X2535204 , finished
report_X2561174 , finished
report_X2959809 , finished
report_X3848511 , finished
report_X0023037 , finished
report_X0023039 , finished
report_X1411223 , finished
report_X2409220 , finished
report_X2845989 , finished
report_X8064456 , finished
report_X2578455 , finished
report_X2620872 , finished
report_X1108916 , finished
report_X1696588 , finished
report_X4103874 , finished
report_X0023003 , finished
report_X1552181 , finished
report_X3048401 , finished
report_X3560456 , finished
report_X3899622 , finished
report_X7333005 , finished
report_X0023004 , finished
report_X2232376 , finished
report_X2571197 , finished
report_X3302025 , finished
report_X2101067 , finished
report_X2929195 , finished
report_X2947936 , finished
report_X0023028 , finished
report_X3869075 , finished
report_X6592761 , finished
report_X1689948 , finished
report_X1883688 , finished
report_X1679142 , finished
report_X2232413 , finished
report_X2455205 , finished
report_X2790141 , finished
report_X2920716 , finished
report_X3206978 , finished
report_X3677724 , finished
report_X3052540 , finished
report_X3684229 , finished
report_X2054998 , finished
report_X2559559 , finished
report_X3812101 , finished
report_X1240299 , finished
report_X3244985 , finished
report_X5302451 , finished
report_X3162671 , finished
report_X4219416 , finished
report_X3466651 , finished
report_X4529116 , finished
report_X3652932 , finished
report_X2415970 , finished
report_X8720244 , finished
report_X9499804 , finished
report_X2051479 , finished
report_X1561488 , finished
report_X1784368 , finished
report_X4046678 , finished
report_X1245758 , finished
report_X1469171 , finished
report_X2024999 , finished
report_X3470141 , finished
report_X1947991 , finished
report_X4016887 , finished
report_X1133221 , finished
report_X1282248 , finished
report_X3212875 , finished
report_X6953386 , finished
report_X2292940 , finished
report_X1056121 , finished
report_X1113498 , finished
report_X1139030 , finished
report_X1302449 , finished
report_X1391181 , finished
report_X1581470 , finished
report_X1849382 , finished
report_X1854691 , finished
report_X1912810 , finished
report_X1985430 , finished
report_X2081754 , finished
report_X2249443 , finished
report_X2380967 , finished
report_X8218392 , finished
report_X1186237 , finished
report_X1201251 , finished
report_X1253411 , finished
report_X1258069 , finished
report_X1408093 , finished
report_X1419103 , finished
report_X1517058 , finished
report_X1686092 , finished
report_X1791543 , finished
report_X1805037 , finished
report_X1879542 , finished
report_X2367157 , finished
report_X2380326 , finished
report_X0023025 , finished
report_X3051944 , finished
report_X4072305 , finished
report_X2408774 , finished
report_X2599965 , finished
report_X3320367 , finished
report_X1038415 , finished
report_X1951511 , finished
report_X2123983 , finished
report_X2174595 , finished
report_X2266806 , finished
report_X2411995 , finished
report_X2488729 , finished
report_X3004580 , finished
report_X1664335 , finished
report_X2505328 , finished
report_X3313497 , finished
report_X2106109 , finished
report_X2427408 , finished
report_X2535087 , finished
report_X2342030 , finished
report_X3239413 , finished
report_X2240562 , finished
report_X2443191 , finished
report_X2897046 , finished
report_X3269608 , finished
report_X3107623 , finished
report_X3520880 , finished
report_X2528407 , finished
report_X3212536 , finished
report_X3739175 , finished
report_X2697768 , finished
report_X2910270 , finished
report_X2591713 , finished
report_X2833684 , finished
report_X3086074 , finished
report_X3262042 , finished
report_X3306863 , finished
report_X2538839 , finished
report_X3233028 , finished
report_X3407871 , finished
report_X3976121 , finished
report_X2511886 , finished
report_X2714224 , finished
report_X3378296 , finished
report_X3983607 , finished
report_X3767334 , finished
report_X2196753 , finished
report_X2703336 , finished
report_X2872641 , finished
report_X3124419 , finished
report_X3834703 , finished
report_X6550938 , finished
report_X3169448 , finished
report_X3672854 , finished
report_X3504058 , finished
report_X4091983 , finished
report_X3967265 , finished
report_X4053836 , finished
report_X3605062 , finished
report_X4921428 , finished
report_X7947495 , finished
report_X9190596 , finished
report_X1875711 , finished
report_X3390312 , finished
report_X4028266 , finished
report_X1093743 , finished
report_X4334113 , finished
report_X9221927 , finished
report_X3348989 , finished
report_X3559087 , finished
report_X3809753 , finished
report_X4095748 , finished
report_X3286474 , finished
report_X3707771 , finished
report_X7093319 , finished
report_X9744150 , finished
report_X7390867 , finished
report_X5150328 , finished
report_X3593327 , finished
report_X4475709 , finished
report_X2275786 , finished
report_X9210521 , finished
report_X3554582 , finished
report_X4256491 , finished
report_X8838009 , finished
report_X3587000 , finished
report_X5193577 , finished
report_X5600820 , finished
report_X8328877 , finished
report_X9783279 , finished
report_X1494102 , finished
report_X3732101 , finished
report_X7135128 , finished
report_X1643780 , finished
report_X6187322 , finished
report_X1050975 , finished
report_X1860323 , finished
report_X3358877 , finished
report_X7591533 , finished
report_X9093997 , finished
report_X2031422 , finished
report_X2207418 , finished
report_X2296326 , finished
report_X2601519 , finished
report_X3308331 , finished
report_X9890726 , finished
report_X1117299 , finished
report_X3446674 , finished
report_X1068505 , finished
report_X1177160 , finished
report_X9887336 , finished
report_X1094669 , finished
report_X1875013 , finished
report_X3889095 , finished
report_X2559537 , finished
report_X3157406 , finished
report_X1341865 , finished
report_X2033178 , finished
report_X4125514 , finished
report_X1159908 , finished
report_X2377207 , finished
report_X2659769 , finished
report_X2884672 , finished
report_X1628610 , finished
report_X2529026 , finished
report_X2919220 , finished
report_X3205761 , finished
report_X3248920 , finished
report_X4075719 , finished
report_X2737106 , finished
report_X3194757 , finished
report_X1562298 , finished
report_X2950754 , finished
report_X3562883 , finished
report_X3910672 , finished
report_X3993793 , finished
report_X1132854 , finished
report_X6500128 , finished
report_X1399863 , finished
report_X2310449 , finished
report_X3655623 , finished
report_X2140063 , finished
report_X4053388 , finished
report_X4221029 , finished
report_X7011503 , finished
report_X2141250 , finished
report_X1916266 , finished
report_X2498847 , finished
report_X4055710 , finished
report_X1809715 , finished
report_X4073815 , finished
report_X4225073 , finished
report_X3856956 , finished
report_X1404738 , finished
report_X1843546 , finished
report_X4383707 , finished
report_X3994098 , finished
report_X7253183 , finished
report_X3561920 , finished
report_X9578631 , finished
report_X3494778 , finished
report_X5993008 , finished
report_X4265987 , finished
report_X2268253 , finished
report_X2780647 , finished
report_X1356553 , finished
report_X1050345 , finished
report_X2107404 , finished
report_X2524687 , finished
report_X3870624 , finished
report_X3277313 , finished
report_X8278680 , finished
report_X1771270 , finished
report_X2628237 , finished
report_X3827352 , finished
report_X7407032 , finished
report_X9640133 , finished
report_X1411536 , finished
report_X1662160 , finished
report_X1794770 , finished
report_X2208591 , finished
report_X2228148 , finished
report_X2276801 , finished
report_X2493190 , finished
report_X2907951 , finished
report_X2940712 , finished
report_X2984158 , finished
report_X3224401 , finished
report_X3291029 , finished
report_X3385520 , finished
report_X3473830 , finished
report_X3624598 , finished
report_X3672300 , finished
report_X3712305 , finished
report_X3930512 , finished
report_X4006710 , finished
report_X4048810 , finished
report_X4241194 , finished
report_X5575344 , finished
report_X5669389 , finished
report_X6383713 , finished
report_X7994085 , finished
report_X0016001 , finished
report_X0016004 , finished
report_X0016006 , finished
report_X0016007 , finished
report_X0016008 , finished
report_X0016009 , finished
report_X0016026 , finished
report_X0016028 , finished
report_X0016036 , finished
report_X0015005 , finished
report_X0015006 , finished
report_X0015013 , finished
report_X0015022 , finished
report_X0015030 , finished
report_X0015035 , finished
report_X0015039 , finished
init_report , finished
index_html , finished
report_X3610134 , finished
report_X7689953 , finished
report_X9002207 , finished
report_X3803759 , finished
report_X4136226 , finished
report_X8191384 , finished
report_X0016002 , finished
report_X0016003 , finished
report_X0016005 , finished
report_X0016010 , finished
report_X0016011 , finished
report_X0016012 , finished
report_X0016016 , finished
report_X0016018 , finished
report_X0016021 , finished
report_X0016022 , finished
report_X0016025 , finished
report_X0016027 , finished
report_X0016029 , finished
report_X0016031 , finished
report_X0016035 , finished
report_X0016038 , finished
report_X0016040 , finished
report_X0016041 , finished
report_X0016042 , finished
report_X0016044 , finished
report_X0016045 , finished
report_X0016046 , finished
report_X0016047 , finished
report_X0016048 , finished
report_X0016051 , finished
report_X0016052 , finished
report_X0016056 , finished
report_X0016060 , finished
report_X0015014 , finished
report_X0015023 , finished
report_X0015040 , finished
report_X0015045 , finished
wrapper_X0026005 , finished
wrapper_X0026009 , finished
wrapper_X0026014 , finished
wrapper_X0026015 , finished
wrapper_X0026016 , finished
wrapper_X0026017 , finished
wrapper_X0026022 , finished
wrapper_X0026024 , finished
wrapper_X0026027 , finished
wrapper_X0026030 , finished
wrapper_X0026039 , finished
wrapper_X0026040 , finished
wrapper_X0026041 , finished
wrapper_X0026042 , finished
wrapper_X0026043 , finished
wrapper_X0026044 , finished
wrapper_X0026045 , finished
wrapper_X0026050 , finished
wrapper_X0026052 , finished
wrapper_X0026053 , finished
wrapper_X0026054 , finished
wrapper_X0026055 , finished
wrapper_X0026057 , finished
wrapper_X0020001 , finished
wrapper_X0020002 , finished
wrapper_X0020003 , finished
wrapper_X0020008 , finished
wrapper_X0020010 , finished
wrapper_X0020014 , finished
wrapper_X0020015 , finished
wrapper_X0020016 , finished
wrapper_X0020017 , finished
wrapper_X0020021 , finished
wrapper_X0020022 , finished
wrapper_X1018959 , finished
wrapper_X1019436 , finished
wrapper_X1043241 , finished
wrapper_X1266183 , finished
wrapper_X1535233 , finished
wrapper_X1541812 , finished
wrapper_X1577042 , finished
wrapper_X1594156 , finished
wrapper_X1623716 , finished
wrapper_X1638334 , finished
wrapper_X1652369 , finished
wrapper_X1686265 , finished
wrapper_X1692275 , finished
wrapper_X1735881 , finished
wrapper_X1779922 , finished
wrapper_X1842819 , finished
wrapper_X1846346 , finished
wrapper_X1873761 , finished
wrapper_X1962503 , finished
wrapper_X1988015 , finished
wrapper_X1996183 , finished
wrapper_X2014113 , finished
wrapper_X2018106 , finished
wrapper_X2026113 , finished
wrapper_X2081148 , finished
wrapper_X2104012 , finished
wrapper_X2138826 , finished
wrapper_X2299519 , finished
wrapper_X3170319 , finished
wrapper_X4154182 , finished
wrapper_X4275075 , finished
wrapper_X4362730 , finished
wrapper_X5216908 , finished
wrapper_X6346605 , finished
wrapper_X6453038 , finished
wrapper_X7129258 , finished
wrapper_X7415617 , finished
wrapper_X7774305 , finished
wrapper_X8083695 , finished
wrapper_X8337695 , finished
wrapper_X0010002 , finished
wrapper_X0010004 , finished
wrapper_X0010005 , finished
wrapper_X0010006 , finished
wrapper_X0010007 , finished
wrapper_X0010008 , finished
wrapper_X0010009 , finished
wrapper_X0010010 , finished
wrapper_X0010011 , finished
wrapper_X0010012 , finished
wrapper_X0010013 , finished
wrapper_X0010014 , finished
wrapper_X0010015 , finished
wrapper_X0010017 , finished
wrapper_X0010018 , finished
wrapper_X0010020 , finished
wrapper_X0010021 , finished
wrapper_X0010022 , finished
wrapper_X0010023 , finished
wrapper_X0010024 , finished
report_X3691107 , finished
report_X0016013 , finished
report_X0016014 , finished
report_X0016017 , finished
report_X0016019 , finished
report_X0016020 , finished
report_X0016023 , finished
report_X0016024 , finished
report_X0016030 , finished
report_X0016032 , finished
report_X0016037 , finished
report_X0016039 , finished
report_X0016043 , finished
report_X0016049 , finished
report_X0016054 , finished
report_X0016055 , finished
report_X0016057 , finished
report_X0016058 , finished
report_X0016061 , finished
report_X0016062 , finished
report_X0016063 , finished
report_X0016065 , finished
report_X0016066 , finished
report_X0016070 , finished
report_X0016071 , finished
report_X0016072 , finished
report_X0016073 , finished
report_X0016075 , finished
report_X0016079 , finished
report_X0016084 , finished
report_X0016086 , finished
report_X0016087 , finished
report_X0016089 , finished
report_X0025000 , finished
report_X0025003 , finished
report_X0025009 , finished
report_X0025012 , finished
report_X0025014 , finished
report_X0015007 , finished
report_X0015008 , finished
report_X0015024 , finished
report_X0015031 , finished
report_X0015037 , finished
report_X0015041 , finished
report_X0015042 , finished
report_X0015046 , finished
report_X0015047 , finished
report_X0015053 , finished
report_X0015059 , finished
report_X0015061 , finished
wrapper_X0026004 , finished
wrapper_X2344857 , finished
wrapper_X2554127 , finished
wrapper_X2558999 , finished
wrapper_X2641332 , finished
wrapper_X2917777 , finished
wrapper_X3154996 , finished
wrapper_X3310328 , finished
wrapper_X3434578 , finished
wrapper_X3486975 , finished
wrapper_X3519022 , finished
wrapper_X3813783 , finished
wrapper_X3902469 , finished
wrapper_X3917422 , finished
wrapper_X3972472 , finished
wrapper_X0010019 , finished
wrapper_X0010025 , finished
wrapper_X0010026 , finished
wrapper_X0010028 , finished
wrapper_X0010029 , finished
wrapper_X0010030 , finished
wrapper_X0010031 , finished
wrapper_X0010032 , finished
wrapper_X0010033 , finished
wrapper_X0010034 , finished
wrapper_X0010035 , finished
wrapper_X0010036 , finished
wrapper_X0010037 , finished
wrapper_X0010038 , finished
wrapper_X0010039 , finished
wrapper_X0010040 , finished
wrapper_X0010041 , finished
wrapper_X0010042 , finished
wrapper_X0010043 , finished
wrapper_X0010044 , finished
wrapper_X0010045 , finished
wrapper_X0010046 , finished
wrapper_X0010047 , finished
wrapper_X0010048 , finished
wrapper_X0010049 , finished
wrapper_X0010050 , finished
wrapper_X0010051 , finished
wrapper_X0010052 , finished
wrapper_X0010053 , finished
wrapper_X0010054 , finished
wrapper_X0010056 , finished
wrapper_X0010057 , finished
wrapper_X0010058 , finished
wrapper_X0010059 , finished
wrapper_X0010060 , finished
wrapper_X0010061 , finished
wrapper_X0010062 , finished
wrapper_X0010063 , finished
wrapper_X0010064 , finished
wrapper_X0010065 , finished
wrapper_X0010066 , finished
wrapper_X0010067 , finished
wrapper_X0010068 , finished
wrapper_X0010069 , finished
wrapper_X0010070 , finished
wrapper_X0010074 , finished
wrapper_X0010075 , finished
wrapper_X0010076 , finished
wrapper_X0010077 , finished
wrapper_X0010078 , finished
wrapper_X0010079 , finished
wrapper_X0010080 , finished
wrapper_X0010081 , finished
wrapper_X0010082 , finished
wrapper_X0010083 , finished
wrapper_X0010084 , finished
wrapper_X0010085 , finished
wrapper_X0010086 , finished
wrapper_X0010087 , finished
wrapper_X0010088 , finished
wrapper_X0010089 , finished
wrapper_X0010090 , finished
wrapper_X0010091 , finished
wrapper_X0010092 , finished
wrapper_X0010093 , finished
wrapper_X0010094 , finished
wrapper_X0010095 , finished
wrapper_X0010096 , finished
wrapper_X0010097 , finished
wrapper_X0010099 , finished
wrapper_X0010100 , finished
wrapper_X0010101 , finished
wrapper_X0010102 , finished
wrapper_X0010103 , finished
wrapper_X0010104 , finished
wrapper_X0010106 , finished
wrapper_X0010107 , finished
wrapper_X0010108 , finished
wrapper_X0010109 , finished
wrapper_X0010110 , finished
wrapper_X0010111 , finished
wrapper_X0010112 , finished
wrapper_X0010113 , finished
wrapper_X0010114 , finished
wrapper_X0010115 , finished
wrapper_X0010116 , finished
wrapper_X0010117 , finished
wrapper_X0010118 , finished
wrapper_X0010119 , finished
wrapper_X0010122 , finished
wrapper_X0010123 , finished
wrapper_X0010126 , finished
wrapper_X0010129 , finished
wrapper_X0021005 , finished
wrapper_X0021009 , finished
wrapper_X0021010 , finished
wrapper_X0021013 , finished
wrapper_X0021014 , finished
wrapper_X0021015 , finished
wrapper_X0021017 , finished
wrapper_X0021018 , finished
wrapper_X0021019 , finished
wrapper_X0021020 , finished
wrapper_X0021021 , finished
wrapper_X0021022 , finished
wrapper_X0021023 , finished
wrapper_X0021024 , finished
wrapper_X0021026 , finished
wrapper_X0021027 , finished
wrapper_X0021028 , finished
wrapper_X0021029 , finished
wrapper_X0021030 , finished
wrapper_X0021031 , finished
wrapper_X0021032 , finished
wrapper_X0021033 , finished
wrapper_X0021034 , finished
wrapper_X0021035 , finished
wrapper_X0021036 , finished
wrapper_X0021037 , finished
wrapper_X0021038 , finished
wrapper_X0021039 , finished
wrapper_X0021040 , finished
wrapper_X0021041 , finished
wrapper_X0021042 , finished
wrapper_X0021043 , finished
wrapper_X0021044 , finished
wrapper_X0021046 , finished
wrapper_X1000804 , finished
wrapper_X1023964 , finished
wrapper_X1057962 , finished
wrapper_X1099481 , finished
wrapper_X1127915 , finished
wrapper_X1187766 , finished
wrapper_X1283494 , finished
wrapper_X1320247 , finished
wrapper_X1359325 , finished
wrapper_X1435954 , finished
report_X6477085 , finished
report_X0016034 , finished
report_X0016050 , finished
report_X0016064 , finished
report_X0016068 , finished
report_X0016074 , finished
report_X0016080 , finished
report_X0025002 , finished
report_X0025013 , finished
report_X0015002 , finished
report_X0015003 , finished
report_X0015012 , finished
report_X0015021 , finished
report_X0015025 , finished
report_X0015060 , finished
wrapper_X0026002 , finished
wrapper_X2572285 , finished
wrapper_X2601925 , finished
wrapper_X2618929 , finished
wrapper_X2621228 , finished
wrapper_X2822304 , finished
wrapper_X3611827 , finished
wrapper_X3912996 , finished
wrapper_X3972956 , finished
wrapper_X8628223 , finished
wrapper_X8658218 , finished
wrapper_X0010003 , finished
wrapper_X0010071 , finished
wrapper_X0010072 , finished
wrapper_X0010124 , finished
wrapper_X0010128 , finished
wrapper_X0021008 , finished
wrapper_X1471736 , finished
wrapper_X1497055 , finished
wrapper_X1511464 , finished
wrapper_X1517240 , finished
wrapper_X1567356 , finished
wrapper_X1700637 , finished
wrapper_X1737393 , finished
wrapper_X1740607 , finished
wrapper_X1780174 , finished
wrapper_X1854959 , finished
wrapper_X1875084 , finished
wrapper_X1884448 , finished
wrapper_X1918630 , finished
wrapper_X1934623 , finished
wrapper_X1992284 , finished
wrapper_X1995121 , finished
wrapper_X2030383 , finished
wrapper_X2054438 , finished
wrapper_X2107638 , finished
wrapper_X2136051 , finished
wrapper_X2230510 , finished
wrapper_X2260910 , finished
wrapper_X2297413 , finished
wrapper_X2306976 , finished
wrapper_X2497695 , finished
wrapper_X2570769 , finished
wrapper_X2682736 , finished
wrapper_X2730704 , finished
wrapper_X2735617 , finished
wrapper_X2741068 , finished
wrapper_X2773205 , finished
wrapper_X2821683 , finished
wrapper_X2854839 , finished
wrapper_X2907383 , finished
wrapper_X2950672 , finished
wrapper_X2983819 , finished
wrapper_X2991307 , finished
wrapper_X2996531 , finished
wrapper_X3011311 , finished
wrapper_X3163200 , finished
wrapper_X3174224 , finished
wrapper_X3235580 , finished
wrapper_X3243657 , finished
wrapper_X3349205 , finished
wrapper_X3349423 , finished
wrapper_X3433846 , finished
wrapper_X3441455 , finished
wrapper_X3457975 , finished
wrapper_X3518345 , finished
wrapper_X3542588 , finished
wrapper_X3601861 , finished
wrapper_X3619797 , finished
wrapper_X3650634 , finished
wrapper_X3653737 , finished
wrapper_X3662296 , finished
wrapper_X3679455 , finished
wrapper_X3845761 , finished
wrapper_X3999344 , finished
wrapper_X4060823 , finished
wrapper_X4079254 , finished
wrapper_X4084645 , finished
wrapper_X4095229 , finished
wrapper_X4116166 , finished
wrapper_X4154672 , finished
wrapper_X4164316 , finished
wrapper_X4187857 , finished
wrapper_X4562206 , finished
wrapper_X4827048 , finished
wrapper_X5164727 , finished
wrapper_X5971050 , finished
wrapper_X6206397 , finished
wrapper_X6568351 , finished
wrapper_X8009688 , finished
wrapper_X8415034 , finished
wrapper_X8692452 , finished
wrapper_X8697774 , finished
wrapper_X8834383 , finished
wrapper_X8915162 , finished
wrapper_X9326955 , finished
wrapper_X9578663 , finished
wrapper_X9750701 , finished
wrapper_X9907452 , finished
wrapper_X0027000 , finished
wrapper_X0027003 , finished
wrapper_X0027004 , finished
wrapper_X0027005 , finished
wrapper_X0027007 , finished
wrapper_X0027008 , finished
wrapper_X0027010 , finished
wrapper_X0027011 , finished
wrapper_X0027012 , finished
wrapper_X0027015 , finished
wrapper_X0027016 , finished
wrapper_X0027017 , finished
wrapper_X0027018 , finished
wrapper_X0027020 , finished
wrapper_X0027021 , finished
wrapper_X0027022 , finished
wrapper_X0027023 , finished
wrapper_X0027024 , finished
wrapper_X0027025 , finished
wrapper_X0027026 , finished
wrapper_X0027028 , finished
wrapper_X0027034 , finished
wrapper_X0027037 , finished
wrapper_X0027040 , finished
wrapper_X0027042 , finished
wrapper_X1017176 , finished
wrapper_X1125505 , finished
wrapper_X1208586 , finished
wrapper_X1312097 , finished
wrapper_X1411495 , finished
wrapper_X1438162 , finished
wrapper_X1538046 , finished
wrapper_X1585708 , finished
wrapper_X1588809 , finished
wrapper_X2029723 , finished
wrapper_X2074737 , finished
wrapper_X2352986 , finished
wrapper_X2419464 , finished
wrapper_X2574674 , finished
wrapper_X2671604 , finished
wrapper_X2756846 , finished
wrapper_X2961243 , finished
wrapper_X3082137 , finished
wrapper_X3190461 , finished
wrapper_X3304956 , finished
wrapper_X3322144 , finished
wrapper_X3449233 , finished
wrapper_X3515506 , finished
wrapper_X3566449 , finished
wrapper_X3858891 , finished
wrapper_X3980079 , finished
wrapper_X4134561 , finished
wrapper_X4285031 , finished
wrapper_X6115230 , finished
wrapper_X7339173 , finished
wrapper_X7446626 , finished
wrapper_X7504392 , finished
wrapper_X8409791 , finished
wrapper_X0023000 , finished
wrapper_X0023002 , finished
wrapper_X0023003 , finished
wrapper_X0023004 , finished
wrapper_X0023005 , finished
wrapper_X0023006 , finished
wrapper_X0023007 , finished
wrapper_X0023008 , finished
wrapper_X0023010 , finished
wrapper_X0023011 , finished
wrapper_X0023013 , finished
wrapper_X0023016 , finished
wrapper_X0023017 , finished
wrapper_X0023019 , finished
wrapper_X0023020 , finished
wrapper_X0023024 , finished
wrapper_X0023025 , finished
wrapper_X0023027 , finished
wrapper_X0023028 , finished
wrapper_X0023030 , finished
wrapper_X0023035 , finished
wrapper_X0023036 , finished
wrapper_X0023039 , finished
wrapper_X0023040 , finished
wrapper_X0023041 , finished
wrapper_X0023042 , finished
wrapper_X1084283 , finished
wrapper_X1084884 , finished
wrapper_X1108916 , finished
wrapper_X1206380 , finished
wrapper_X1340333 , finished
wrapper_X1386056 , finished
wrapper_X1411223 , finished
wrapper_X1418396 , finished
wrapper_X1421489 , finished
wrapper_X1481430 , finished
wrapper_X1502229 , finished
wrapper_X1536593 , finished
wrapper_X1548937 , finished
wrapper_X1552181 , finished
wrapper_X1647968 , finished
wrapper_X1664335 , finished
wrapper_X1679142 , finished
wrapper_X1696588 , finished
wrapper_X1743472 , finished
wrapper_X2054310 , finished
wrapper_X2054998 , finished
wrapper_X2071989 , finished
wrapper_X2124248 , finished
wrapper_X2288903 , finished
wrapper_X2292940 , finished
wrapper_X2409220 , finished
wrapper_X2415970 , finished
report_X0016015 , finished
report_X0016033 , finished
report_X0016053 , finished
report_X0016059 , finished
report_X0016067 , finished
report_X0016069 , finished
report_X0016076 , finished
report_X0016077 , finished
report_X0016078 , finished
report_X0016081 , finished
report_X0016082 , finished
report_X0016083 , finished
report_X0016085 , finished
report_X0016088 , finished
report_X0015010 , finished
report_X0015015 , finished
report_X0015017 , finished
report_X0015020 , finished
report_X0015033 , finished
report_X0015034 , finished
report_X0015038 , finished
report_X0015043 , finished
report_X0015044 , finished
report_X0015048 , finished
report_X0015049 , finished
report_X0015050 , finished
report_X0015054 , finished
report_X0015056 , finished
report_X0015058 , finished
wrapper_X2360428 , finished
wrapper_X2371032 , finished
wrapper_X2640795 , finished
wrapper_X2703289 , finished
wrapper_X2740232 , finished
wrapper_X2768273 , finished
wrapper_X2903997 , finished
wrapper_X2930625 , finished
wrapper_X3103809 , finished
wrapper_X3119327 , finished
wrapper_X3160561 , finished
wrapper_X3699991 , finished
wrapper_X3713230 , finished
wrapper_X3884955 , finished
wrapper_X4104523 , finished
wrapper_X8263351 , finished
wrapper_X8432725 , finished
wrapper_X9922944 , finished
wrapper_X0010001 , finished
wrapper_X0010073 , finished
wrapper_X0010120 , finished
wrapper_X0010121 , finished
wrapper_X0021002 , finished
wrapper_X0021003 , finished
wrapper_X0021007 , finished
wrapper_X0021025 , finished
wrapper_X1208795 , finished
wrapper_X2876903 , finished
wrapper_X3007585 , finished
wrapper_X3048588 , finished
wrapper_X3108222 , finished
wrapper_X3808273 , finished
wrapper_X3888614 , finished
wrapper_X3941358 , finished
wrapper_X3959823 , finished
wrapper_X4020830 , finished
wrapper_X4239636 , finished
wrapper_X4919979 , finished
wrapper_X5045355 , finished
wrapper_X8387093 , finished
wrapper_X8991934 , finished
wrapper_X9956994 , finished
wrapper_X0023001 , finished
wrapper_X0023026 , finished
wrapper_X0023031 , finished
wrapper_X0023033 , finished
wrapper_X0023037 , finished
wrapper_X0023038 , finished
wrapper_X2155356 , finished
wrapper_X2426523 , finished
wrapper_X2427434 , finished
wrapper_X2455205 , finished
wrapper_X2535204 , finished
wrapper_X2559559 , finished
wrapper_X2561174 , finished
wrapper_X2571197 , finished
wrapper_X2578455 , finished
wrapper_X2620872 , finished
wrapper_X2790141 , finished
wrapper_X2845989 , finished
wrapper_X2920716 , finished
wrapper_X2929195 , finished
wrapper_X2947936 , finished
wrapper_X2959809 , finished
wrapper_X3048401 , finished
wrapper_X3051944 , finished
wrapper_X3052540 , finished
wrapper_X3162671 , finished
wrapper_X3206978 , finished
wrapper_X3212875 , finished
wrapper_X3244985 , finished
wrapper_X3286474 , finished
wrapper_X3302025 , finished
wrapper_X3358877 , finished
wrapper_X3466651 , finished
wrapper_X3470141 , finished
wrapper_X3560456 , finished
wrapper_X3652932 , finished
wrapper_X3677724 , finished
wrapper_X3684229 , finished
wrapper_X3812101 , finished
wrapper_X3848511 , finished
wrapper_X3869075 , finished
wrapper_X3899622 , finished
wrapper_X4016887 , finished
wrapper_X4046678 , finished
wrapper_X4072305 , finished
wrapper_X4103874 , finished
wrapper_X4219416 , finished
wrapper_X4529116 , finished
wrapper_X5302451 , finished
wrapper_X6592761 , finished
wrapper_X6953386 , finished
wrapper_X7333005 , finished
wrapper_X8064456 , finished
wrapper_X8218392 , finished
wrapper_X8720244 , finished
wrapper_X9499804 , finished
wrapper_X1038415 , finished
wrapper_X1056121 , finished
wrapper_X1113498 , finished
wrapper_X1133221 , finished
wrapper_X1139030 , finished
wrapper_X1186237 , finished
wrapper_X1201251 , finished
wrapper_X1240299 , finished
wrapper_X1245758 , finished
wrapper_X1253411 , finished
wrapper_X1258069 , finished
wrapper_X1282248 , finished
wrapper_X1302449 , finished
wrapper_X1391181 , finished
wrapper_X1408093 , finished
wrapper_X1419103 , finished
wrapper_X1469171 , finished
wrapper_X1517058 , finished
wrapper_X1561488 , finished
wrapper_X1581470 , finished
wrapper_X1686092 , finished
wrapper_X1689948 , finished
wrapper_X1784368 , finished
wrapper_X1791543 , finished
wrapper_X1805037 , finished
wrapper_X1849382 , finished
wrapper_X1854691 , finished
wrapper_X1875711 , finished
wrapper_X1879542 , finished
wrapper_X1883688 , finished
wrapper_X1912810 , finished
wrapper_X1947991 , finished
wrapper_X1951511 , finished
wrapper_X1985430 , finished
wrapper_X2024999 , finished
wrapper_X2051479 , finished
wrapper_X2081754 , finished
wrapper_X2101067 , finished
wrapper_X2106109 , finished
wrapper_X2123983 , finished
wrapper_X2174595 , finished
wrapper_X2196753 , finished
wrapper_X2240562 , finished
wrapper_X2249443 , finished
wrapper_X2266806 , finished
wrapper_X2275786 , finished
wrapper_X2342030 , finished
wrapper_X2367157 , finished
wrapper_X2380326 , finished
wrapper_X2380967 , finished
wrapper_X2408774 , finished
wrapper_X2411995 , finished
wrapper_X2427408 , finished
wrapper_X2443191 , finished
wrapper_X2488729 , finished
wrapper_X2505328 , finished
wrapper_X2511886 , finished
wrapper_X2528407 , finished
wrapper_X2535087 , finished
wrapper_X2538839 , finished
wrapper_X2591713 , finished
wrapper_X2599965 , finished
wrapper_X2628237 , finished
wrapper_X2697768 , finished
wrapper_X2703336 , finished
wrapper_X2714224 , finished
wrapper_X2833684 , finished
wrapper_X2872641 , finished
wrapper_X2897046 , finished
wrapper_X2910270 , finished
wrapper_X3004580 , finished
wrapper_X3086074 , finished
wrapper_X3107623 , finished
wrapper_X3124419 , finished
wrapper_X3169448 , finished
wrapper_X3212536 , finished
wrapper_X3233028 , finished
wrapper_X3239413 , finished
wrapper_X3262042 , finished
wrapper_X3269608 , finished
wrapper_X3306863 , finished
wrapper_X3313497 , finished
wrapper_X3320367 , finished
wrapper_X3348989 , finished
wrapper_X3378296 , finished
wrapper_X3390312 , finished
wrapper_X3407871 , finished
wrapper_X3504058 , finished
wrapper_X3520880 , finished
wrapper_X3554582 , finished
wrapper_X3559087 , finished
wrapper_X3587000 , finished
wrapper_X3593327 , finished
wrapper_X3605062 , finished
wrapper_X3672854 , finished
wrapper_X3707771 , finished
wrapper_X3732101 , finished
wrapper_X3739175 , finished
wrapper_X3767334 , finished
wrapper_X3809753 , finished
wrapper_X3834703 , finished
wrapper_X3889095 , finished
wrapper_X3967265 , finished
wrapper_X3976121 , finished
wrapper_X3983607 , finished
wrapper_X4028266 , finished
wrapper_X4053836 , finished
wrapper_X4091983 , finished
wrapper_X4095748 , finished
wrapper_X4125514 , finished
wrapper_X4256491 , finished
wrapper_X4334113 , finished
wrapper_X4383707 , finished
wrapper_X4475709 , finished
wrapper_X4921428 , finished
wrapper_X5150328 , finished
wrapper_X5193577 , finished
wrapper_X5600820 , finished
wrapper_X6187322 , finished
wrapper_X6550938 , finished
wrapper_X7093319 , finished
wrapper_X7135128 , finished
wrapper_X7390867 , finished
wrapper_X7591533 , finished
wrapper_X7947495 , finished
wrapper_X8328877 , finished
wrapper_X8838009 , finished
wrapper_X9093997 , finished
wrapper_X9190596 , finished
wrapper_X9210521 , finished
wrapper_X9221927 , finished
wrapper_X9744150 , finished
wrapper_X9783279 , finished
wrapper_X9890726 , finished
wrapper_X1050975 , finished
wrapper_X1068505 , finished
wrapper_X1093743 , finished
wrapper_X1094669 , finished
wrapper_X1117299 , finished
wrapper_X1159908 , finished
wrapper_X1177160 , finished
wrapper_X1341865 , finished
wrapper_X1494102 , finished
wrapper_X1562298 , finished
wrapper_X1628610 , finished
wrapper_X1643780 , finished
wrapper_X1809715 , finished
wrapper_X1860323 , finished
wrapper_X1875013 , finished
wrapper_X1916266 , finished
wrapper_X2031422 , finished
wrapper_X2033178 , finished
wrapper_X2140063 , finished
wrapper_X2141250 , finished
wrapper_X2207418 , finished
wrapper_X2296326 , finished
wrapper_X2310449 , finished
wrapper_X2377207 , finished
wrapper_X2498847 , finished
wrapper_X2529026 , finished
wrapper_X2559537 , finished
wrapper_X2601519 , finished
wrapper_X2659769 , finished
wrapper_X2737106 , finished
wrapper_X2884672 , finished
wrapper_X2919220 , finished
wrapper_X2950754 , finished
wrapper_X3157406 , finished
wrapper_X3194757 , finished
wrapper_X3205761 , finished
wrapper_X3248920 , finished
wrapper_X3308331 , finished
wrapper_X3446674 , finished
wrapper_X3494778 , finished
wrapper_X3561920 , finished
wrapper_X3562883 , finished
report_X0025008 , finished
report_X0015028 , finished
report_X0015029 , finished
report_X0015051 , finished
report_X0015055 , finished
report_X0015062 , finished
wrapper_X0026001 , finished
wrapper_X4601682 , finished
wrapper_X0021006 , finished
wrapper_X0021016 , finished
wrapper_X0023012 , finished
wrapper_X0023018 , finished
wrapper_X2232376 , finished
wrapper_X2232413 , finished
wrapper_X9887336 , finished
wrapper_X3610134 , finished
wrapper_X3655623 , finished
wrapper_X3691107 , finished
wrapper_X3827352 , finished
wrapper_X3856956 , finished
wrapper_X3910672 , finished
wrapper_X3993793 , finished
wrapper_X3994098 , finished
wrapper_X4053388 , finished
wrapper_X4055710 , finished
wrapper_X4073815 , finished
wrapper_X4075719 , finished
wrapper_X4221029 , finished
wrapper_X4225073 , finished
wrapper_X4265987 , finished
wrapper_X5993008 , finished
wrapper_X6500128 , finished
wrapper_X7011503 , finished
wrapper_X7253183 , finished
wrapper_X7407032 , finished
wrapper_X7689953 , finished
wrapper_X8278680 , finished
wrapper_X9002207 , finished
wrapper_X9578631 , finished
wrapper_X9640133 , finished
wrapper_X1050345 , finished
wrapper_X1132854 , finished
wrapper_X1356553 , finished
wrapper_X1399863 , finished
wrapper_X1404738 , finished
wrapper_X1411536 , finished
wrapper_X1662160 , finished
wrapper_X1771270 , finished
wrapper_X1794770 , finished
wrapper_X1843546 , finished
wrapper_X2107404 , finished
wrapper_X2208591 , finished
wrapper_X2228148 , finished
wrapper_X2268253 , finished
wrapper_X2276801 , finished
wrapper_X2493190 , finished
wrapper_X2524687 , finished
wrapper_X2780647 , finished
wrapper_X2907951 , finished
wrapper_X2940712 , finished
wrapper_X2984158 , finished
wrapper_X3224401 , finished
wrapper_X3277313 , finished
wrapper_X3291029 , finished
wrapper_X3385520 , finished
wrapper_X3473830 , finished
wrapper_X3624598 , finished
wrapper_X3672300 , finished
wrapper_X3712305 , finished
wrapper_X3803759 , finished
wrapper_X3870624 , finished
wrapper_X3930512 , finished
wrapper_X4006710 , finished
wrapper_X4048810 , finished
wrapper_X4136226 , finished
wrapper_X4241194 , finished
wrapper_X5575344 , finished
wrapper_X5669389 , finished
wrapper_X6383713 , finished
wrapper_X6477085 , finished
wrapper_X7994085 , finished
wrapper_X8191384 , finished
wrapper_X0016001 , finished
wrapper_X0016002 , finished
wrapper_X0016003 , finished
wrapper_X0016004 , finished
wrapper_X0016005 , finished
wrapper_X0016006 , finished
wrapper_X0016007 , finished
wrapper_X0016008 , finished
wrapper_X0016009 , finished
wrapper_X0016010 , finished
wrapper_X0016011 , finished
wrapper_X0016012 , finished
wrapper_X0016013 , finished
wrapper_X0016014 , finished
wrapper_X0016015 , finished
wrapper_X0016016 , finished
wrapper_X0016017 , finished
wrapper_X0016018 , finished
wrapper_X0016019 , finished
wrapper_X0016020 , finished
wrapper_X0016021 , finished
wrapper_X0016022 , finished
wrapper_X0016023 , finished
wrapper_X0016024 , finished
wrapper_X0016025 , finished
wrapper_X0016026 , finished
wrapper_X0016027 , finished
wrapper_X0016028 , finished
wrapper_X0016029 , finished
wrapper_X0016030 , finished
wrapper_X0016031 , finished
wrapper_X0016032 , finished
wrapper_X0016033 , finished
wrapper_X0016034 , finished
wrapper_X0016035 , finished
wrapper_X0016036 , finished
wrapper_X0016037 , finished
wrapper_X0016038 , finished
wrapper_X0016039 , finished
wrapper_X0016040 , finished
wrapper_X0016041 , finished
wrapper_X0016042 , finished
wrapper_X0016043 , finished
wrapper_X0016044 , finished
wrapper_X0016045 , finished
wrapper_X0016046 , finished
wrapper_X0016047 , finished
wrapper_X0016048 , finished
wrapper_X0016049 , finished
wrapper_X0016050 , finished
wrapper_X0016051 , finished
wrapper_X0016052 , finished
wrapper_X0016053 , finished
wrapper_X0016054 , finished
wrapper_X0016055 , finished
wrapper_X0016056 , finished
wrapper_X0016057 , finished
wrapper_X0016058 , finished
wrapper_X0016059 , finished
wrapper_X0016060 , finished
wrapper_X0016061 , finished
wrapper_X0016062 , finished
wrapper_X0016063 , finished
wrapper_X0016064 , finished
wrapper_X0016065 , finished
wrapper_X0016066 , finished
wrapper_X0016067 , finished
wrapper_X0016068 , finished
wrapper_X0016069 , finished
wrapper_X0016070 , finished
wrapper_X0016071 , finished
wrapper_X0016072 , finished
wrapper_X0016073 , finished
wrapper_X0016074 , finished
wrapper_X0016075 , finished
wrapper_X0016076 , finished
wrapper_X0016077 , finished
wrapper_X0016078 , finished
wrapper_X0016079 , finished
wrapper_X0016080 , finished
wrapper_X0016081 , finished
wrapper_X0016082 , finished
wrapper_X0016083 , finished
wrapper_X0016084 , finished
wrapper_X0016085 , finished
wrapper_X0016086 , finished
wrapper_X0016087 , finished
wrapper_X0016088 , finished
wrapper_X0016089 , finished
wrapper_X0025000 , finished
wrapper_X0025001 , finished
wrapper_X0025002 , finished
wrapper_X0025003 , finished
wrapper_X0025008 , finished
wrapper_X0025009 , finished
wrapper_X0025012 , finished
wrapper_X0025013 , finished
wrapper_X0025014 , finished
wrapper_X0015002 , finished
wrapper_X0015003 , finished
wrapper_X0015005 , finished
wrapper_X0015006 , finished
wrapper_X0015007 , finished
wrapper_X0015008 , finished
wrapper_X0015010 , finished
wrapper_X0015012 , finished
wrapper_X0015013 , finished
wrapper_X0015014 , finished
wrapper_X0015015 , finished
wrapper_X0015017 , finished
wrapper_X0015020 , finished
wrapper_X0015021 , finished
wrapper_X0015022 , finished
wrapper_X0015023 , finished
wrapper_X0015024 , finished
wrapper_X0015025 , finished
wrapper_X0015028 , finished
wrapper_X0015029 , finished
wrapper_X0015030 , finished
wrapper_X0015031 , finished
wrapper_X0015033 , finished
wrapper_X0015034 , finished
wrapper_X0015035 , finished
wrapper_X0015037 , finished
wrapper_X0015038 , finished
wrapper_X0015039 , finished
wrapper_X0015040 , finished
wrapper_X0015041 , finished
wrapper_X0015042 , finished
wrapper_X0015043 , finished
wrapper_X0015044 , finished
wrapper_X0015045 , finished
wrapper_X0015046 , finished
wrapper_X0015047 , finished
wrapper_X0015048 , finished
wrapper_X0015049 , finished
wrapper_X0015050 , finished
wrapper_X0015051 , finished
wrapper_X0015053 , finished
wrapper_X0015054 , finished
wrapper_X0015055 , finished
wrapper_X0015056 , finished
wrapper_X0015058 , finished
wrapper_X0015059 , finished
wrapper_X0015060 , finished
wrapper_X0015062 , finished
report_X0025001 , finished
wrapper_X0010125 , finished
wrapper_X0015061 , finished
